TRAINER,COLOR
RED SPECIALIST,RED
RED COLLECTOR,RED
RED EXPERT,RED
RED MASTER,RED
RED MANIAC,RED
BLUE SPECIALIST,BLUE
BLUE COLLECTOR,BLIE
BLUE EXPERT,BLUE
BLUE MASTER,BLUE
BLUE MANIAC,BLUE
YELLOW SPECIALIST,BLUE
YELLOW COLLECTOR,BLUE
YELLOW EXPERT,BLUE
YELLOW MASTER,BLUE
YELLOW MANIAC,BLUE
GREEN SPECIALIST,GREEN
GREEN COLLECTOR,GREEN
GREEN EXPERT,GREEN
GREEN MASTER,GREEN
GREEN MANIAC,GREEN
BLACK SPECIALIST,BLACK
BLACK COLLECTOR,BLACK
BLACK EXPERT,BLACK
BLACK MASTER,BLACK
BLACK MANIAC,BLACK
BROWN SPECIALIST,BROWN
BROWN COLLECTOR,BROWN
BROWN EXPERT,BROWN
BROWN MASTER,BROWN
BROWN MANIAC,BROWN
PURPLE SPECIALIST,PURPLE
PURPLE COLLECTOR,PURPLE
PURPLE EXPERT,PURPLE
PURPLE MASTER,PURPLE
PURPLE MANIAC,PURPLE
GRAY SPECIALIST,GRAY
GRAY COLLECTOR,GRAY
GRAY EXPERT,GRAY
GRAY MASTER,GRAY
GRAY MANIAC,GRAY
WHITE SPECIALIST,WHITE
WHITE COLLECTOR,WHITE
WHITE EXPERT,WHITE
WHITE MASTER,WHITE
WHITE MANIAC,WHITE
PINK SPECIALIST,PINK
PINK COLLECTOR,PINK
PINK EXPERT,PINK
PINK MASTER,PINK
PINK MANIAC,PINK